<?xml version="1.0" encoding="UTF-8"?>
<beans xmlns="http://www.springframework.org/schema/beans"
          xmlns:xsi="http://www.w3.org/2001/XMLSchema-instance"
          xmlns:context="http://www.springframework.org/schema/context"
          xmlns:mongo="http://www.springframework.org/schema/data/mongo"
          xsi:schemaLocation=
          "http://www.springframework.org/schema/context
          http://www.springframework.org/schema/context/spring-context-3.0.xsd
          http://www.springframework.org/schema/data/mongo
          http://www.springframework.org/schema/data/mongo/spring-mongo-1.0.xsd
          http://www.springframework.org/schema/beans
          http://www.springframework.org/schema/beans/spring-beans-3.0.xsd">

    <!-- Default bean name is 'mongo' -->
    <mongo:mongo host="localhost" port="27017"/>
    <mongo:db-factory dbname="sensordb" />
 
	<bean id="mongoTemplate" class="org.springframework.data.mongodb.core.MongoTemplate">
		<constructor-arg name="mongoDbFactory" ref="mongoDbFactory" />
	</bean>
	
	 <!-- Configuring rule  -->
    <bean id="overWeightRule" class="com.egen.rules.OverWeightRule"/>
    <bean id="underWeightRule" class="com.egen.rules.UnderWeightRule"/>

    <!-- Configuring rules engine -->
    <bean id="rulesEngine" class="org.easyrules.spring.RulesEngineFactoryBean">
        <property name="rules">
            <list>
                <ref bean="overWeightRule"/>
                <ref bean="underWeightRule"/>
            </list>
        </property>
    </bean>
	

</beans>